model,mae_mean,mae_std,rmse_mean,rmse_std,r2_mean,r2_std
XGBoost,0.02974775992333889,0.0,0.0409828051888344,0.0,0.09561961889266968,0.0
Linear Regression,0.031701646745204926,0.0,0.040474246470635716,0.0,0.11792540550231934,0.0
MLP,0.03180573545396328,0.002155076467772299,0.04239318934026663,0.001107803727933079,0.03177310228347778,0.05075421869267392
Random Forest,0.03519038034297316,0.00038994187811109316,0.04420117618616141,0.00037446609317279733,-0.05205954122574661,0.01785905339825199
